PublishedAt,Title,description
2017-05-20T05:40:00Z,Iran’s President Hassan Rouhani Wins Re-Election Comfortably,"Iranian voters gave President Hassan Rouhani a second four-year term, rejecting his hard-line challenger and endorsing a leader who seeks better ties to the West. State television congratulated him on the victory."
2017-05-20T01:02:00Z,Fired FBI Director James Comey to Testify in Public,"Former FBI Director James Comey has agreed to testify publicly in Congress, capping a week that may shape President Donald Trump’s administration for months, or even years, and prompting White House aides to rethink how they operate in this new political and legal environment."
2017-05-19T17:46:00Z,Political Crisis Grips Brazil as Firm Admits to Bribing Nation’s Leaders,"Less than a year after Brazil’s president was impeached, her successor is at the center of explosive bribery allegations in the ever-widening corruption probe that has engulfed the country’s leadership class."
2017-05-19T16:21:00Z,Federalism for the Left and the Right,"People across the political spectrum are turning to states and localities to deal with contentious issues such as immigration, law enforcement and education."
2017-05-20T07:06:00Z,Trump Begins First Foreign Trip as President in Saudi Arabia,"President Donald Trump arrived in Saudi Arabia, his first stop outside the U.S. since taking office and the start of an ambitious nine-day trip through the Middle East and Europe."
2017-05-20T09:00:00Z,"SoftBank, Saudis to Launch $100 Billion Tech Fund","Japan’s SoftBank and Saudi Arabia’s sovereign-wealth fund will launch the world’s largest technology fund, designed to steer capital to cutting-edge technologies in U.S. startups and other global firms."
2017-05-19T14:28:00Z,Carl Icahn’s Charity Supports Education—It Also Lent Him $119 Million,"Hundreds of charities lend small sums to their officials, mostly less than $28,000. Few compare to the loans Mr. Icahn’s charity granted its benefactor, which tied up funds for years and earned lower returns than other potential investment opportunities."
2017-05-20T10:01:00Z,Philippines’ Duterte Says Chinese Leader Raised Threat of War Over South China Sea,The Philippines President said his Chinese counterpart had threatened him that Beijing would “go to war” if Manila begins drilling for oil in the South China Sea.
2017-05-19T16:01:00Z,"Europe Inc.’s Profit Growth Beats U.S. as Consumers, Companies Open Wallets","Europe’s largest companies are on track to record their strongest quarter of profit growth in almost seven years, benefiting from something the continent hasn’t seen since before the global economic crisis: a willingness among consumers—and other companies—to spend again."
2017-05-20T11:00:00Z,"Got Milk? Too Much of It, Say U.S. Dairy Farmers","U.S. dairy farmers made a big bet on strengthening global demand for their milk, but it hasn’t panned out due to economic troubles in some emerging economies and a world-wide boom in agricultural output."
2017-05-20T11:30:52Z,Donald Trump lands in Saudi Arabia as controversies swirl at home,"President Donald Trump arrives on Air Force One on his first stop abroad since taking office, a visit meant to bolster partnerships abroad that aides hope can reset a scandal-pocked narrative back home."
2017-05-20T05:59:30Z,Will Trump hit reset with Muslims?,"A month after Donald Trump called for a ""total and complete shutdown"" of Muslims entering the US, a hijab-wearing American named Rose Hamid stood up in the grandstands a few rows behind the presidential candidate."
2017-05-19T22:28:33Z,Kushner called Lockheed CEO about Saudi weapons,"President Donald Trump's son-in-law and utility diplomat, Jared Kushner, shocked a high-level Saudi delegation earlier this month when he personally called Lockheed Martin CEO Marillyn Hewson and asked if she would cut the price of a sophisticated missile detection system, according to a source with knowledge of the call."
,Late-night TV jabs Trump's first trip abroad - CNN Video,Late-night television hosts Stephen Colbert and Jimmy Fallon mocked President Donald Trump's first trip abroad amid domestic tensions.
2017-05-19T09:07:13Z,Trump will fit in well with the Middle East strongmen,"For a president who likes to be liked, Donald Trump's Saudi Arabia visit is going blow smoke in all the right places."
2017-05-20T03:54:22Z,Travel ban architect writing Trump's speech on Islam,"The author of President Donald Trump's controversial travel ban, which targeted people from six-majority Muslim countries, is the principal speechwriter for the President's speech on Islam in Saudi Arabia on Sunday."
2017-05-19T21:37:51Z,Trump trip shows US hypocrisy on human rights,"President Trump's trip to the Middle East punctures a long-held myth, says Jonathan Tasini -- that US foreign policy lives up to its own hype on human rights."
2017-05-20T01:03:03Z,Sources: Russian officials bragged they could use Flynn to influence Trump,"Russian officials bragged in conversations during the presidential campaign that they had cultivated a strong relationship with former Trump adviser retired Gen. Michael Flynn and believed they could use him to influence Donald Trump and his team, sources told CNN."
2017-05-20T02:55:52Z,"First on CNN: Comey now believes Trump was trying to influence him, source says","Former FBI Director James Comey now believes that President Donald Trump was trying to influence his judgment about the Russia probe, a person familiar with his thinking says, but whether that influence amounts to obstruction of justice remains an open question."
2017-05-20T03:04:50Z,NYT: Trump brags to Russians about firing 'nut job' Comey,"President Donald Trump bragged to two top Russian officials last week that firing ""nut job"" FBI Director James Comey eased ""great pressure"" on him, The New York Times reported Friday."
2017-05-20T08:41:11Z,Trump Told Russians That Firing ‘Nut Job’ Comey Eased Pressure From Investigation,The conversation reinforces the notion that President Trump dismissed him primarily because of the bureau’s investigation into possible collusion between his campaign and Russian operatives.
2017-05-20T01:18:10Z,"Comey, Unsettled by Trump, Is Said to Have Wanted Him Kept at a Distance",The former F.B.I. director described being dismayed by the president’s attempts to build a personal relationship with him amid the Russia investigation.
2017-05-19T18:10:36Z,"Mississippi Boy, 6, Is Killed After Car Is Stolen From His Mother","The mother had gone into a store and had left the car running with the boy in the back seat, according to local reports."
2017-05-19T17:03:37Z,"Chris Cornell, Soundgarden and Audioslave Frontman, Dies at 52","The musician’s death in Detroit was “sudden and unexpected,” his representative said in a statement. The medical examiner’s office said the cause of death was suicide."
2017-05-19T16:54:13Z,A Basquiat Sells for ‘Mind-Blowing’ $110.5 Million at Auction,"Basquiat’s vibrant painting of a face in the shape of a skull set an auction record for a work by any American artist, beating Andy Warhol."
2017-05-20T04:36:33Z,Anthony Weiner Pleads Guilty to Federal Obscenity Charge,"The ex-congressman, whose wife, Huma Abedin, was a top aide to Hillary Clinton, admitted to sending sexually explicit images to a girl he knew was 15."
2017-05-20T06:10:22Z,$110 Billion Weapons Sale to Saudis Has Jared Kushner’s Personal Touch,"Mr. Kushner called the head of Lockheed Martin while he met with Saudi officials, showing President Trump’s eagerness for a major deal before his first foreign trip."
2017-05-19T05:06:34Z,Democratic Leaders Try to Slow Calls to Impeach Trump,"Elected Democratic officials are counseling sobriety as they press ahead with investigations of President Trump, but activists want more: impeachment now."
2017-05-20T04:47:53Z,"Before Driver’s Times Square Crash, a Descent Into Paranoia and Harassment",A former Navy recruit who plowed into a crowd on Thursday is said to have fallen into a cloud of paranoia during a string of arrests for threats and drunken driving.
2017-05-20T04:55:09Z,F.B.I. Once Warned G.O.P. Congressman That Russian Spies Were Recruiting Him,"The 2012 warning to Dana Rohrabacher, an ally of President Trump, shows that the F.B.I. has for years viewed Russian spies as having a hand in Washington."
2017-05-19T08:02:00Z,"Russia probe reaches current White House official, people familiar with the case say","The probe has intensified in recent weeks, and people say more subpoenas and interviews are on the way."
2017-05-19T14:35:00Z,Former FBI director Comey to testify publicly,The fired FBI director agrees to testify in an open session before the Senate Intelligence Committee at a date to be set sometime after Memorial Day.
2017-05-19T17:46:00Z,Trump turmoil is spreading far beyond Washington to state and local races,"“We’re just getting a lot of noise out of Washington,” said one North Carolina GOP consultant."
2017-05-19T09:40:00Z,Analysis | Recapping a stunningly bad two weeks for the Trump White House,A day-by-day breakdown of a remarkable two weeks.
2017-05-19T08:16:00Z,Analysis | Trump’s media firewall is collapsing as the Russia probe gets closer,Trump has been insulated by journalists’ inability to show that the FBI investigation touches him or his White House staff directly. Not anymore.
2017-05-20T08:47:00Z,Trump gets elaborate welcome in Saudi Arabia as he embarks on first foreign trip,"The landing in Riyadh marked the start of a high-stakes, nine-day overseas journey for the president."
2017-05-19T11:56:00Z,An ambitious young prince wants to reimagine Saudi Arabia — and make it fun,"Mohammed bin Salman, son of the king, is pressing for more jobs for women and more opportunities for entertainment in the conservative Middle Eastern nation."
2017-05-20T09:35:00Z,Iranian President Rouhani wins reelection in landslide victory,"In easily winning an election with a near-record turnout, the moderate leader earned a resounding endorsement of his project to end Iran’s pariah status and rejoin the global economy."
2017-05-19T10:25:00Z,Betsy DeVos hits hard reset on student loan servicing contracts,"The Education Department will select one company to collect student debt payments on its behalf, rather than the nine contractors that currently handle the government's $1.2 trillion portfolio of education loans."
2017-05-19T16:59:00Z,Prosecutors are pushing back against Sessions order to pursue most severe penalties,Prosecutors say Sessions's directive “marks an unnecessary and unfortunate return to past 'tough on crime' practices” that will do more harm than good in their communities.
2017-05-20T11:33:36+00:00,Trump in Saudi Arabia: First foreign trip starts as home troubles mount,His first foreign trip starts in Saudi Arabia amid controversy over his sacking of the FBI director.
2017-05-20T09:52:08+00:00,Iran election: Hassan Rouhani wins second term as president,"A huge turnout helped Mr Rouhani, with Tehran registering twice as many votes as in 2013."
2017-05-20T11:53:43+00:00,Pippa Middleton's wedding: Royals and celebrities at ceremony,"The Duchess of Cambridge's sister Pippa marries James Matthews, witnessed by royalty and celebrities."
2017-05-20T10:16:14+00:00,Labour front bench row over Trident commitment,Shadow defence secretary says her colleague was wrong to suggest Trident could be subject to review.
,Election campaign latest,Labour row over Trident and Tories defend migration pledge as campaigning continues.
2017-05-20T00:23:03+00:00,Hunstanton Sea Life Sanctuary's first Humboltd penguin chick in decade,A Humboldt penguin chick has hatched at a sea life sanctuary for the first time in more than a decade.
2017-05-19T23:58:03+00:00,The UK's most delayed airlines revealed,"Icelandair, Air Transat and Norwegian are most likely to arrive late, according to Which? survey"
2017-05-19T22:10:30+00:00,Italy makes 12 vaccinations compulsory for children,The government is trying to combat a huge rise in measles cases as parents shun immunisation.
2017-05-19T23:16:19+00:00,Church of Scotland expected to back same-sex marriage,The General Assembly is asked to approve a study on how same-sex weddings could take place in church.
2017-05-19T23:41:35+00:00,Hillary Clinton tries to avoid 'Donald Trump' hug,Footage emerges of Hillary Clinton rehearsing for a debate with Donald Trump last September.
2017-05-20T11:24:27Z,"Under fire at home, Trump lands in Saudi Arabia",US President Donald Trump lands in Saudi Arabia on the first stop on his maiden international trip since taking office in January.
2017-05-20T05:35:42Z,How much damage could North Korea unleash even without nuclear weapons?,There's been a lot of focus on North Korea's nuclear ambitions. But what can be lost in the discussion is just how powerful the country's military already is.
2017-05-20T07:09:35Z,Assange's mum urges PM to help him get to Ecuador,The mother of WikiLeaks founder Julian Assange calls on the Prime Minister to help her son and take Sweden to task.
2017-05-20T10:32:27Z,Rouhani wins Iran presidential race,"President Hassan Rouhani wins Iran's presidential election, the country's Interior Minister says."
2017-05-20T03:49:06Z,Global warming threatens 'Doomsday Vault',"The world's 'Doomsday' vault may not be exempt from the threats of climate change, after 2016's record global temperatures saw meltwater flood the vaults entrance."
2017-05-20T01:36:27Z,Sacked FBI chief James Comey agrees to testify in Russian meddling probe,"Former FBI director James Comey agrees to testify before the US Senate Intelligence Committee, the committee says in a statement."
2017-05-20T10:26:11Z,'Only Richmond': Social media hammers Tigers after second straight choke,"Social media pillories Richmond after yet another loss in a tight encounter, this time against Greater Western Sydney."
2017-05-20T09:22:51Z,"AFL live: Collingwood v Hawthorn, Brisbane v Adelaide","Saturday night sees Collingwood take on Hawthorn and Brisbane host Adelaide. Follow this and all of the day's scores, stats and streams in our live ScoreCentre."
2017-05-20T09:50:36Z,Older Australians opting for in-home care over nursing homes,"A growing number of older people are receiving care in their own homes, and those providing care say it may be the cheaper option."
2017-05-20T02:35:57Z,Sickly passengers clogging up GP clinics when cruise ships dock,"Cruise ship passengers are clogging up mainland medical waiting rooms and straining local health services as they try to avoid expensive on-board doctors, say Kimberley GPs."
,Rouhani wins Iran’s presidential election,
,The shadow arms bazaar that fuels global cyber crime,
,Trump arrives in Saudi Arabia,
,New Russia claims cloud Trump’s first foreign trip,
,Dollar suffers worst week in year on Trump nerves,
,Trump supporters find allegations hard to believe,
,Discipline and control rules the road with May,
,Pearl Lam on becoming a powerhouse of China’s art world,
,Week of chaos leaves Trump’s party hoping for a break,
,Brazil butcher puts Temer presidency on knife edge,
2017-05-20T07:06:32.586Z,Trump Lands in Saudi Arabia Amid Controversy at Home,"President Donald Trump arrived in Riyadh Saturday morning, the first stop on his inaugural foreign trip as he seeks to escape the controversy engulfing his administration."
2017-05-20T09:34:47.617Z,Victorious Iranian Pragmatist Runs Straight Into Storm Trump,"As Hassan Rouhani was learning of his re-election to Iran’s presidency on Saturday morning, U.S. President Donald Trump had already touched down in Saudi Arabia on Air Force One, bringing proposals for more than $100 billion in arms sales to Tehran’s fiercest rival."
2017-05-20T10:35:49.131Z,Melania Trump Skips Headscarf as She Arrives in Saudi Arabia,"Riyadh, Saudi Arabia (AP) -- Accompanying her husband on his first international trip, U.S. first lady Melania Trump on Saturday stepped off of Air Force One conservatively dressed in long sleeves and pants to conform to the strict dress code that Saudi Arabia enforces for its female citizens. But one thing was missing from her black and gold-belted ensemble: a head scarf."
2017-05-20T04:27:43.7Z,Duterte Says China's Xi Threatened War If He Pushed Sea Dispute,Philippine President Rodrigo Duterte said China threatened to go to war after he asserted the Southeast Asian nation’s sovereignty over disputed territory.
2017-05-20T04:25:02.054Z,"After Times Square Attack, Calls for More Sidewalk Barriers",New York (AP) -- Fears of a terrorist attack prompted officials to ring many of the pedestrian plazas of Times Square with squat steel posts capable of stopping a speeding vehicle.
2017-05-19T21:10:01.912Z,Graduates: Be True Patriots,What matters is how you respond when the founding values are tested.
2017-05-19T21:59:35.044Z,Fighters Escort American Jet After Attempted Cockpit Breach,Fighter jets escorted an American Airlines plane to Honolulu after a passenger attempted to breach the hardened cockpit door.
2017-05-20T04:00:01Z,Why the Rout in Retail Shouldn't Be a Big Worry for U.S. Economy,A furious pace of store closings and bankruptcies has drummed up fears that U.S. retail is collapsing. Not so fast: Many indicators suggest that retail employment is unlikely to shrivel and the economy will withstand any shock from the sector’s rout.
2017-05-19T19:00:00.004Z,Barclays 'Cartel' Trader Ashton Draws $1.2 Million Fine From Fed,"Barclays Plc’s former head of global spot foreign exchange trading was fined $1.2 million and banned from the banking industry for his involvement in rigging currency rates, the Federal Reserve said Friday."
2017-05-19T19:59:45.066Z,"From Deep in Atlantic, Titanic Relics Sail Toward Auction Block","The Titanic may be under 2.5 miles of water, but wreckage from the doomed ship could fetch close to $220 million at an auction this year."
2017-05-18T14:46:06+00:00,The expanding universe of synthetic drugs,"From “legal highs” to fentanyl, there are more drugs on offer than ever before"
2017-05-20T00:00:00+00:00,Israel still occupies Palestinian land 50 years after its six-day war,"Israel has become powerful and rich, but has not found peace with the Palestinians—nor with itself, says Anton La Guardia"
2017-05-18T14:46:06+00:00,The WannaCry attack reveals the risks of a computerised world,The good news is that there are ways to fix things
2017-05-19T04:00:00+00:00,A polarised Iran could struggle to come together after election day,The sound and fury of an election that may change little
2017-05-18T14:46:06+00:00,Australians debate how to avoid shark attacks,Public opinion favours deterrence over culling the fearsome fish
2017-05-18T14:46:06+00:00,The soldier who allegedly plotted to kill Germany’s ex-president,His arrest triggers a search for extremists in the ranks
2017-05-18T14:46:06+00:00,A way to make water potable using carbon dioxide,Let’s hear it for diffusiophoresis
2017-05-19T00:00:00+00:00,Ukraine bans its top social networks because they are Russian,"Blocking websites may be pointless, but it could help President Poroshenko’s popularity"
2017-05-20T00:00:00+00:00,Leaked recordings are trouble for Michel Temer,Newspaper revelations put Brazil’s reforms at risk
2017-05-18T23:35:14+00:00,Why India allows instant divorce,"For Muslim Indian men, breaking up is easy to do"
PublishedAt,Title,description
2017-05-21T09:34:00Z,Trump Urges Muslims to Fight Extremism in Saudi Speech,"President Donald Trump called on Muslim leaders across the globe to confront the “crisis of Islamic extremism,” in a speech aimed at corralling Arab allies around a new, combined effort to combat terrorism and Iranian aggression in the Middle East."
2017-05-22T00:55:00Z,"Taxes, Budget Are Focus for Trump Despite Probes",President Trump’s policy agenda faces tests this week as he looks to shift the focus from Russia investigations to his plans for boosting U.S. military power and revamping the tax code.
2017-05-21T21:56:00Z,"Huntsman, Clariant Near Deal to Merge","Huntsman and Switzerland’s Clariant are near an agreement to merge, an all-stock deal that would create a chemicals giant with a combined market value of about $14 billion."
2017-05-21T11:00:00Z,Arconic Board Vote to Test Power of Activist Investors,The future of Arconic Inc. is up for grabs this week in a tightly fought shareholder vote that will test the growing power of activist investors.
2017-05-21T17:51:00Z,The Quants Run Wall Street Now,"For decades, investors imagined a time when data-driven traders would dominate financial markets. That day has arrived."
2017-05-21T22:31:00Z,Ford Considering Significant Management Changes to Address Stock Price Decline,"Ford is considering significant changes to its senior leadership team amid tension among top executives, dissatisfaction with the stock price and a drive to clarify the auto maker’s strategy."
2017-05-21T09:02:00Z,North Korea Steps Up Pace of Missile Tests,"North Korean leader Kim Jong Un described the results of the country’s successful launch its second ballistic missile in a little more than a week as “perfect,” as Pyongyang increases the pace of its testing in its quest to develop the ability to strike the continental U.S. with a nuclear-tipped weapon."
2017-05-21T11:00:00Z,"Bond Buyers Forgive and Forget, Flock Back to Online Lenders’ Debt","The initial appeal of upstart, online lenders was that they would disrupt traditional loan markets. But after big setbacks last year, the firms are adjusting to be a little more Wall Street and a little less Silicon Valley."
2017-05-21T11:00:00Z,All IT Jobs Are Cybersecurity Jobs Now,The global ‘WannaCry’ ransomware attack that affected computers in 150 countries and the growing threat of new malware illustrate a basic problem that will become more pressing as more of our systems become connected.
2017-05-21T11:00:00Z,Much-Maligned U.S. Infrastructure Shows Signs of Improvement,The Trump administration and congressional Democrats frequently bemoan America’s aging infrastructure and have promised to spending to fix it. Less noisily discussed: The nation is making progress in some key areas of decaying infrastructure.
2017-05-22T01:40:19Z,"Abroad, President Trump's reality collides with candidate Trump's words","Few might have expected that four months into his term President Donald Trump would find himself addressing a room of Muslim leaders after a night surrounded by dancing, drumming Saudi men."
2017-05-22T01:49:40Z,"Trump's new tune on Islam unconvincing, experts say","President Trump's speech Sunday will likely be met with skepticism and frustration in the Muslim world, according to Middle East experts who said his sudden shift in tone on Islam was unconvincing."
2017-05-22T01:10:01Z,Trump's two minds on Islam,President Trump's much-anticipated speech on Islam in Saudi Arabia on Sunday was consistently inconsistent.
2017-05-21T20:32:22Z,Bergen: The real reason Saudis rolled out the reddest of red carpets,"Trump's visit to Riyadh comes at a critical time for the Saudi government, as it seeks to transform its economy from exclusive oil revenue dependency to one more diversified, writes Peter Bergen."
,Trump called a hypocrite for Saudi King bow - CNN Video,"President Donald Trump was criticized as a hypocrite for seemingly bowing before the Saudi King, an act for which he had criticized then-President Barack Obama for doing back in 2012."
2017-05-21T08:49:54Z,Tillerson holds briefing in Saudi Arabia without US press,Secretary of State Rex Tillerson held a press briefing in Saudi Arabia -- and members of the U.S. press weren't invited.
2017-05-21T01:27:11Z,Roger Stone: Trump's Saudi award 'makes me want to puke',"As President Donald Trump celebrated what he called a ""tremendous"" first day in Saudi Arabia, his onetime campaign adviser and longtime confidante Roger Stone expressed nothing but aversion for the Gulf nation and parts of the President's trip."
2017-05-22T01:29:54Z,Immigrants eye Canada as US deportation fears grow,"As a growing number of Latin American immigrants say they're considering Canada, experts offer words of caution."
2017-05-21T17:53:17Z,Melania Trump gets rave reviews in Saudi press,"First lady Melania Trump's fashion choices got rave reviews in local Saudi Arabian press Sunday, despite forgoing the customary headscarf."
2017-05-22T00:58:57Z,North Korea fires another ballistic missile,"North Korea fired an unidentified ballistic missile, according to the South Korean military's Joint Chiefs of Staff."
2017-05-22T00:47:18Z,"Killing C.I.A. Informants, China Crippled U.S. Spying Operations","At least 18 C.I.A. sources were killed or imprisoned in China between 2010 and 2012, one of the worst intelligence breaches in decades. Investigators still disagree about how it happened."
2017-05-20T22:39:36Z,Trump Told Russians That Firing ‘Nut Job’ Comey Eased Pressure From Investigation,The conversation reinforces the notion that President Trump dismissed him primarily because of the bureau’s investigation into possible collusion between his campaign and Russian operatives.
2017-05-21T21:26:43Z,Pregnant at 18. Hailed by Abortion Foes. Punished by Christian School.,"A high school senior’s story sheds light on a delicate issue: how Christian schools, which advocate abstinence until marriage, treat pregnant teenagers."
2017-05-21T14:48:58Z,Saudis Welcome Trump’s Rebuff of Obama’s Mideast Views,President Trump was received warmly in Riyadh by Saudi leaders who appeared to embrace an American leader intent on supporting Sunni Muslim countries.
2017-05-21T21:28:53Z,"On ‘Saturday Night Live,’ Alec Baldwin Sings a Swan Song for Trump","“S.N.L.” paid homage to itself by having Mr. Baldwin sing Leonard Cohen’s “Hallelujah.” The host, Dwayne Johnson, considered a presidential run with Tom Hanks."
2017-05-22T01:40:53Z,Trump Softens Tone on Islam but Calls for Purge of ‘Foot Soldiers of Evil’,"In a speech in Saudi Arabia, President Trump spoke in measured tones far from his incendiary language last year and called for a renewed fight against terrorism."
2017-05-19T18:10:36Z,"Mississippi Boy, 6, Is Killed After Car Is Stolen From His Mother","The mother had gone into a store and had left the car running with the boy in the back seat, according to local reports."
2017-05-21T05:06:32Z,House Inquiry Turns Attention to Trump Campaign Worker With Russia Ties,"Michael Caputo, who was a communications adviser during the presidential race, has been asked to sit for an interview and to provide documents about his connections to the Kremlin."
2017-05-20T06:10:22Z,$110 Billion Weapons Sale to Saudis Has Jared Kushner’s Personal Touch,"Mr. Kushner called the head of Lockheed Martin while he met with Saudi officials, showing President Trump’s eagerness for a major deal before his first foreign trip."
2017-05-20T23:10:26Z,"Preakness 2017 Picks: Experts’ Predictions to Win, Place and Show",Will Always Dreaming complete the second leg of horse racing’s Triple Crown? Joe Drape and Melissa Hoppert weigh in on the contenders.
2017-05-21T11:54:00Z,Trump to propose big cuts to safety net in new budget this week,The president will deliver his most detailed look at how he wants to change government.
2017-05-21T06:23:00Z,Trump summons Muslim nations to confront ‘Islamic terror of all kinds’,"“We are not here to lecture,” he said in a speech starkly different from the one Obama delivered to the Muslim world in 2009."
2017-05-21T14:50:00Z,Ivanka Trump meets with Saudi women leaders as some activists remain critical,"The president’s daughter brought her message of female empowerment to the world’s most repressive society for females, but some activists questioned the effectiveness of the meeting."
2017-05-21T14:18:00Z,Kushner keeps most of his real estate but offers few clues about potential White House conflicts,"The president’s son-in-law and top adviser retained 90 percent of those holdings, a Post analysis shows."
2017-05-21T16:25:00Z,McMaster does not deny details of Trump’s discussion with Russian officials,The national security adviser said Trump was only trying to find common ground with the Russians.
2017-05-21T13:55:00Z,"A millionaire, a hotel maid and an arrest after the inauguration for sex abuse",CEO John Boswell pleaded guilty to misdemeanor sexual abuse after a groping incident at the Mayflower Hotel.
2017-05-21T11:00:00Z,"Thunderous applause, tears as the ‘greatest show on Earth’ takes a final bow","The Ringling Bros. circus, buffeted by changing times and mores, shutters after 146 years."
2017-05-21T11:07:00Z,Georgetown professor confronts white nationalist Richard Spencer at the gym — which terminates his membership,The encounter happened Wednesday at Old Town Sport&Health in Alexandria.
2017-05-21T10:39:00Z,Sanders stumps for Democrat in tight Montana race,Senator raises stakes by calling for defeat of “candidate of the millionaires.”
2017-05-21T16:13:00Z,Gingrich spreads conspiracy theory about slain DNC staffer,"There is no evidence that Seth Rich had contacted WikiLeaks, despite the former House speaker's claims."
2017-05-22T01:58:52+00:00,Trump urges Muslim leaders to lead fight against radicalisation,The US president uses major speech to urge Muslim states to take the lead against radicalisation.
2017-05-21T15:29:41+00:00,General election 2017: Tories 'won't look again' at social care plans,"Work and Pensions Secretary Damian Green says £100,000 is ""a reasonable inheritance to have""."
2017-05-21T21:30:34+00:00,Election 2017: Scottish leaders clash in heated TV debate,Nicola Sturgeon and Ruth Davidson trade blows on independence and immigration in a BBC TV debate.
2017-05-21T21:53:20+00:00,General election 2017: Labour brings forward tuition fees pledge,Labour says students starting university in England this autumn would not pay fees.
2017-05-21T21:32:24+00:00,Mike Pence university address hit by student walk-out,Dozens of students staged a walk-out when the US vice-president addressed a ceremony in Indiana.
2017-05-22T01:20:10+00:00,"'Car boot-sale' diamond set to fetch £350,000 at auction","The owner thought the £10 ring with and ""exceptionally sized"" stone was a costume jewel."
2017-05-21T21:44:32+00:00,Brazil police raid Sao Paulo 'Crackland' and make arrests,Some 500 officers took part in the operation in an area where crack cocaine has been consumed freely.
2017-05-22T00:12:00+00:00,Ex-RBS boss Fred Goodwin to face investors in court,Former top bankers at RBS will appear in court for the first time since the bank's near collapse.
2017-05-22T01:06:40+00:00,Syria conflict: Government regains full control of Homs,Government officials say rebels have left the last district they controlled in the central city.
2017-05-21T23:26:11+00:00,Ringling Brothers circus stages final show,"After 146 years, the Ringling Bros and Barnum & Bailey Circus holds its final show in New York."
2017-05-21T23:34:01Z,Families of Lindt Cafe victims hit out at police handling of deadly siege,The families of Tori Johnson and Katrina Dawson speak about their experience on the day and their anger and frustration in the aftermath of the Sydney siege.
2017-05-22T01:34:03Z,Ashby denies plan to cash in on One Nation election materials,"Pauline Hanson's chief of staff James Ashby denies One Nation has been profiteering, after a recording is leaked of him discussing a plan to sell campaign material to the party's candidates for inflated prices."
2017-05-22T01:27:52Z,Forrest gives 'biggest single philanthropic gift' by living donor in Australian history,Mining magnate Andrew Twiggy Forrest and his wife Nicola are donating $400 million to be used for a number of causes.
2017-05-21T21:19:59Z,What China's economic troubles mean for Australia,Any hiccups from China will rattle our economy — and the past week has seen some concerning signals emanating from Beijing that all may not be well.
2017-05-22T00:18:34Z,What's actually going on in this picture of Trump touching a glowing orb?,"US President Donald Trump and Muslim leaders are seen gathering around an ominous glowing orb in a scene that's been compared to a scene from Lord of the Rings. But no, this isn't the Eye of Sauron."
2017-05-21T22:00:25Z,Live: Dutton says refugee lawyers can 'rant all they want',"Immigration Minister Peter Dutton defends a decision to deport up to 7,500 asylum seekers if they do not apply for protection visas by October. Follow live."
2017-05-22T00:36:52Z,Which glass can and can't be recycled?,Which glass items should we leave out of the recycle bin?
2017-05-22T01:49:19Z,"Nine people injured in Manus Island shooting, Immigration reveals",Senate estimates hears that a number of weapons were fired in the Good Friday Manus Island Shooting.
2017-05-22T01:21:09Z,'Huge mess' at Royal Park in Melbourne after tram collides with truck,Fourteen people are taken to hospital after a truck collided with a tram at Parkville in Melbourne's inner-north.
2017-05-21T21:16:44Z,Real-life Candy reveals 'horrific' path from drug addiction to redemption,The 2006 Australian film Candy exposed Megan Bannister's former life as a heroin addict and prostitute. Her redemption story has largely gone unnoticed — until now.
,Trump attacks Iran in ‘good and evil’ speech,None
,New world of Chinese palace intrigue,None
,Huntsman and Clariant set to announce $14bn tie-up,None
,US solar power groups await critical tariff ruling,None
,Trump faces tough fight to gain budget support,None
,Center Parcs hails ‘huge’ China opportunity,None
,Macau casinos cash in as China luxury rebounds,None
,US Hispanics: Too scared to spend,None
,The case for higher US taxes,None
,Lawyers vote for Brazil president’s impeachment,None
2017-05-18T21:00:00Z,Why China Must Figure Out How to Feed the Whole World,It faces a stark ultimatum.
2017-05-21T22:17:25.936Z,"With Three Words Missing, Trump Tries to Change Tone on Muslims","President Donald Trump set aside a defiant catchphrase of his political campaign in his first major address to the Muslim world, refraining from using “radical Islamic terrorism” to describe the threat."
2017-05-21T17:28:38.376Z,Chaffetz Says He'll Talk to Deposed FBI Director Comey on Monday,The Republican chairman of the House Oversight and Government Reform Committee said he’ll talk to deposed FBI Director James Comey on Monday and is pursuing any records of President Donald Trump’s meetings with the fired Federal Bureau of Investigation director.
2017-05-22T00:55:40.301Z,Cathay Pacific Cuts 600 Jobs as Part of Reorganization,"Cathay Pacific Airways Ltd., Asia’s biggest international airline, will eliminate 600 jobs, including 190 managerial positions, as part of the biggest revamp in two decades to help revive earnings."
2017-05-21T22:51:30.682Z,Huntsman and Clariant Are in Talks Toward a $14 Billion Merger,"Huntsman Corp. and Clariant AG are in talks to merge in a transatlantic deal that would create a chemicals company valued at about $14 billion, according to a person familiar with the discussions."
2017-05-21T16:04:18.53Z,Tesla Focuses on Connecticut's Budget Woes in Latest Bid for Direct Sales,Maybe all that’s standing between Tesla Inc. and the driveways of some of America’s wealthiest residents is a little financial disarray.
2017-05-21T21:00:00.018Z,Commodity Traders Are Stuck in a World Where Everybody Knows Everything,"For commodity traders operating in the Information Age, just good old trading doesn’t cut it anymore."
2017-05-22T00:29:34.647Z,Times Square Driver Says He Tried to Get Mental Help,"New York (AP) -- A man accused of mowing down pedestrians in Times Square, killing a teenage Michigan tourist and injuring 22 others, said he had been trying to get psychiatric help."
2017-05-21T21:00:00.013Z,Latest North Korea Missile Launch Tests Moon's Team of Doves,Kim Jong Un isn’t giving South Korea’s new leader much room to try out a softer approach toward his regime.
2017-05-21T21:00:00.007Z,Ghost of the 1997 Crisis Stalks Hong Kong's Economy,"In 1997, the Asian financial crisis touched off a six-year property bust in Hong Kong that shaved more than two-thirds off prices and saddled the city with a stagnant economy and deflation."
2017-05-21T00:00:00+00:00,Donald Trump’s reset on Islam,The American president keeps quiet about human rights in the Muslim world
2017-05-18T14:46:06+00:00,Deadline pressure for Colombia’s peace agreement,"Delays in implementing the accord are worrying, but not fatal"
2017-05-18T14:46:06+00:00,The Tories’ social care plan is a death tax by another name,Much of the cost of social care would be passed on to the children
2017-05-18T14:46:06+00:00,Sweden is trying to turn people Swedish,The world’s greatest welcomers of refugees must work out how to assimilate them
2017-05-21T10:21:44+00:00,The NextGen scoring system could help bring tennis into the 21st century,First-to-four-games sets with no-ad scoring shortens matches and preserves excitement without being unfair to the better player
2017-05-18T14:46:06+00:00,One state or two?,Israel’s dangerous drift to chauvinism may make a solution ever harder to find
2017-05-18T14:46:06+00:00,Race-based affirmative action is failing poor Malaysians,The government reserves even mobile-phone stalls for people of indigenous descent
2017-05-18T14:46:06+00:00,Emmanuel Macron appoints a post-partisan government,"A month ahead of legislative elections, France’s president anchors himself in the centre"
2017-05-20T00:00:00+00:00,WannaCry should make people treat cyber-crime seriously,It has been neglected for too long
2017-05-18T14:46:06+00:00,Australians debate how to avoid shark attacks,Public opinion favours deterrence over culling the fearsome fish
